Proposal_ID,Sampling_Set,Core_Section,Sample_Name,ROI_volume_voxel,voxel_size_mm_per_voxel,connected_pores_percent,pore_diameter_min_mm,pore_diameter_max_mm,pore_diameter_mean_mm,pore_diameter_median_mm,pore_diameter_variance_mm2,pore_volume_mean_mm3,total_pore_volume_percent,permeability_x_um2,flow_rate_x_mm3_per_sec,tortuosity_x,permeability_y_um2,flow_rate_y_mm3_per_sec,tortuosity_y,permeability_z_um2,flow_rate_z_mm3_per_sec,tortuosity_z,flag_XCT
60846,12,BTM,60846_12_BTM,,,,,,,,,,,,,,,,,,,,Data_Not_Available
60846,12,TOP,60846_12_TOP,,,,,,,,,,,,,,,,,,,,Data_Not_Available
60846,17,BTM,60846_17_BTM,2348935016,0.0381,75.061902,4.73E-02,20.75259972,0.083767712,5.96E-02,6.38E-03,1.10E-02,4.78176,7.34E+00,1.13E+02,1.820520259,2.94E+03,4.81E+04,1.3803721,3.90E+00,3.69E+01,1.7788831,
60846,17,TOP,60846_17_TOP,2348935016,0.0381,74.089217,4.73E-02,21.28768349,0.086426675,5.96E-02,6.30E-03,9.42E-03,5.22902,5.28E+00,8.10E+01,1.819469365,9.01E+00,1.48E+02,1.7103078,1.78E+00,1.69E+01,1.7380185,
60846,2,BTM,60846_2_BTM,2348935016,0.0381,39.136941,4.73E-02,11.64833641,0.080046751,5.88E-02,9.03E-03,1.15E-02,1.62179,1.85E-02,9.03E+01,1.80878499,9.39E+00,1.39E+02,1.439852,3.84E-01,3.85E+00,1.4971386,
60846,2,TOP,60846_2_TOP,2348935016,0.0381,78.838656,4.73E-02,22.67028809,0.068860993,4.73E-02,4.49E-03,8.58E-03,5.93502,1.82E+01,2.78E+02,1.790525714,3.92E+01,6.45E+02,1.7261596,6.65E+00,6.31E+01,1.8133539,
60846,5,BTM,60846_5_BTM,2348935016,0.0381,70.271742,4.73E-02,36.71190643,0.061570171,4.73E-02,1.28E-02,1.64E-01,28.2768,8.81E+00,6.83E+01,1.841503725,2.94E+04,2.72E+05,1.6512561,3.58E+04,6.02E+05,1.8115229,
60846,5,TOP,60846_5_TOP,2348935016,0.0381,91.385,4.73E-02,39.08856583,0.063253939,4.73E-02,3.28E-03,2.39E-02,26.246,1.51E+05,2.31E+06,1.496908055,3.18E+04,5.21E+05,1.4905028,9.93E+01,9.43E+02,1.5468938,
60846,7,BTM,60846_7_BTM,2348935016,0.0381,NA,4.73E-02,9.9691782,0.091454163,5.97E-02,8.85E-03,6.65E-03,1.37919,NA,NA,NA,NA,NA,NA,NA,NA,NA,No_Pore_Connectivity
60846,7,TOP,60846_7_TOP,2348935016,0.0381,72.596254,4.73E-02,22.25255585,0.07844115,5.34E-02,6.25E-03,1.02E-02,6.09559,2.62E+02,4.02E+03,1.475833103,2.16E+02,3.55E+03,1.4709985,4.82E-01,4.58E+00,1.8898069,
60880,1,BTM,60880_1_BTM,2348935016,0.0381,94.508606,4.73E-02,32.2364044,0.065907076,4.73E-02,3.00E-03,1.41E-02,14.235,1.13E+03,1.74E+04,1.709916538,6.21E+02,1.02E+04,1.8163341,1.02E+03,9.78E+03,1.6408457,
60880,1,TOP,60880_1_TOP,2348935016,0.0381,83.790858,4.73E-02,25.273098,0.086834863,6.01E-02,1.11E-02,4.08E-02,7.73693,9.68E+02,1.49E+04,1.598864467,7.74E+02,1.27E+04,1.6045041,7.59E-01,7.22E+00,1.7952603,
60880,2,BTM,60880_2_BTM,,,,,,,,,,,,,,,,,,,,Data_Not_Available
60880,2,TOP,60880_2_TOP,,,,,,,,,,,,,,,,,,,,Data_Not_Available
60880,3,BTM,60880_3_BTM,,,,,,,,,,,,,,,,,,,,Data_Not_Available
60880,3,TOP,60880_3_TOP,,,,,,,,,,,,,,,,,,,,Data_Not_Available
60880,4,BTM,60880_4_BTM,2348935016,0.0381,NA,4.73E-02,9.9802351,0.070167512,4.89E-02,4.21E-03,5.50E-03,1.40517,NA,NA,NA,NA,NA,NA,NA,NA,NA,No_Pore_Connectivity
60880,4,TOP,60880_4_TOP,2348935016,0.0381,20.846633,0.047327437,11.252841,0.094753869,0.059710402,0.011777349,0.011777349,2.74499,4.36E-02,4.80E-01,1.479515918,1.68E+03,1.86E+04,1.2411911,3.66E-01,4.70E+00,1.1283076,
60880,5,BTM,60880_5_BTM,,,,,,,,,,,,,,,,,,,,Data_Not_Available
60880,5,TOP,60880_5_TOP,,,,,,,,,,,,,,,,,,,,Data_Not_Available
60880,6,BTM,60880_6_BTM,,,,,,,,,,,,,,,,,,,,Data_Not_Available
60880,6,TOP,60880_6_TOP,,,,,,,,,,,,,,,,,,,,Data_Not_Available
60881,1,BTM,60881_1_BTM,2348935016,0.01381457,85.7923,4.73E-02,27.7767868,0.069682926,5.96E-02,1.81E-03,3.56E-03,10.032,1.40E+02,2.15E+03,1.781461837,1.57E+02,2.57E+03,1.7470144,1.11E+03,1.05E+04,1.5092967,
60881,1,TOP,60881_1_TOP,2348935016,0.0381457,93.7959,4.73E-02,31.1280727,0.071384721,5.96E-02,2.32E-03,9.11E-03,12.914,5.26E+02,8.06E+03,1.695785754,6.11E+02,1.00E+04,1.7360327,1.09E+03,1.04E+04,1.5633842,
60881,2,BTM,60881_2_BTM,2348935016,0.0381457,92.4723,4.73E-02,32.0511475,0.076972902,5.96E-02,3.44E-03,1.17E-02,14.2991,1.48E+02,2.28E+03,1.779603046,1.78E+02,2.93E+03,1.7643788,5.28E+02,5.03E+03,1.518353,
60881,2,TOP,60881_2_TOP,2348935016,0.0381457,95.8518,4.73E-02,36.0533485,0.077156335,6.01E-02,3.04E-03,1.67E-02,19.6348,3.01E+03,4.63E+04,1.740295757,2.14E+03,3.52E+04,1.7098964,1.95E+03,1.85E+04,1.5772527,
60881,3,BTM,60881_3_BTM,2348935016,0.0381457,93.1946,4.73E-02,32.5665131,0.072540969,5.96E-02,2.48E-03,8.95E-03,14.8838,2.32E+02,3.57E+03,1.740930915,2.38E+02,3.90E+03,1.7381285,6.65E+02,6.32E+03,1.5185913,
60881,3,TOP,60881_3_TOP,2348935016,0.0381457,87.79216,4.73E-02,28.9252949,0.072974525,5.96E-02,2.23E-03,5.29E-03,11.0542,1.77E+02,2.72E+03,1.722497231,1.60E+02,2.63E+03,1.7613937,2.41E+02,2.29E+03,1.5611347,
60881,4,BTM,60881_4_BTM,2348935016,0.0381,71.0501,4.96E-02,22.3983879,0.074303061,0.049552772,0.00359108,0.003948557,6.3515,4.67E+00,7.14E+01,1.839222732,6.93E+00,1.14E+02,1.851989,1.49E+01,1.42E+02,1.4647363,
60881,4,TOP,60881_4_TOP,2348935016,0.0381457,94.453,4.73E-02,33.3928604,0.077699177,5.96E-02,3.66E-03,1.60E-02,15.832,4.72E+02,7.26E+03,1.757562896,3.51E+02,5.75E+03,1.8029592,3.48E+02,3.31E+03,1.6184803,
60881,5,BTM,60881_5_BTM,2348935016,0.0381457,77.2283,4.73E-02,24.2112408,0.065968163,4.73E-02,2.29E-03,2.88E-03,7.38013,2.60E+01,3.98E+02,1.781594883,2.35E+01,3.84E+02,1.7934158,9.47E+01,9.01E+02,1.4716984,
60881,5,TOP,60881_5_TOP,2347444575,0.0381457,97.8343,4.73E-02,38.7262459,0.078733102,6.10E-02,4.61E-03,4.02E-02,23.8404,2.51E+03,3.86E+04,1.677977862,3.26E+03,5.34E+04,1.6583101,1.51E+03,1.44E+04,1.6435768,
60881,6,BTM,60881_6_BTM,2348935016,0.0381,74.7482,4.73E-02,23.557682,0.070129201,0.047327459,0.002846213,0.003456379,7.024,8.23E+00,1.26E+02,1.860488809,8.69E+00,1.42E+02,1.8398791,7.98E+01,7.57E+02,1.457401,
60881,6,TOP,60881_6_TOP,2347444575,0.0381457,94.0415,4.73E-02,33.2125244,0.068296872,0.047327451,0.002351862,0.00953259,15.645,2.49E+02,3.82E+03,1.823205392,1.73E+02,2.85E+03,1.7723846,9.06E+02,8.66E+03,1.6695837,
60886,1,BTM,60886_1_BTM,2347444575,0.0381,84.3632,4.73E-02,22.2480583,0.073807061,5.51E-02,4.63E-03,9.19E-03,5.24219,3.34E+01,5.13E+02,1.591838523,1.67E+01,2.74E+02,1.7606992,1.58E+02,1.50E+03,1.6530621,
60886,1,TOP,60886_1_TOP,2348935016,0.0381,94.4119,4.73E-02,33.2970047,0.061569504,4.73E-02,1.47E-03,6.23E-03,15.7029,6.98E+02,1.07E+04,1.622979364,4.57E+02,7.49E+03,1.7312871,4.67E+02,4.45E+03,1.7356341,
60886,2,BTM,60886_2_BTM,2348935016,0.0381,89.0001,4.73E-02,29.9570198,0.07462544,5.96E-02,3.32E-03,8.11E-03,12.131,9.06E+02,1.39E+04,1.806798526,1.00E+03,1.64E+04,1.6742381,1.02E+03,9.74E+03,1.7095153,
60886,2,TOP,60886_2_TOP,2348935016,0.0381,93.3894,4.73E-02,30.9563904,0.07055559,5.73E-02,2.80E-03,1.05E-02,12.7568,1.48E+03,2.27E+04,1.560956953,1.65E+03,2.71E+04,1.5237741,1.74E+02,1.67E+03,1.9964338,
60886,3,BTM,60886_3_BTM,2348935016,0.03814,79.0696,4.73E-02,26.1271267,0.077191465,5.96E-02,4.11E-03,6.16E-03,9.05847,1.07E+02,1.64E+03,1.991484444,1.71E+02,2.80E+03,1.8054648,2.67E+02,2.54E+03,1.5751206,
60886,3,TOP,60886_3_TOP,1848206720,0.03814,94.7719,4.73E-02,29.8184891,0.071183093,5.51E-02,3.27E-03,1.51E-02,14.2787,1.78E+03,2.90E+04,1.539449968,1.17E+03,1.82E+04,1.601556,1.03E+03,7.72E+03,1.9771707,
60886,4,BTM,60886_4_BTM,2348935016,0.0381,83.225,4.73E-02,26.3193398,0.076394402,5.10E-02,3.95E-03,6.94E-03,8.79752,2.05E+02,3.15E+03,1.560743771,1.90E+02,3.10E+03,1.6629255,3.42E+02,3.25E+03,1.6339281,
60886,4,TOP,60886_4_TOP,2348935016,0.0381,96.9942,4.73E-02,39.5669441,0.06820073,4.92E-02,2.84E-03,2.02E-02,25.6473,9.38E+03,1.45E+05,1.574176693,8.82E+03,1.45E+05,1.5731241,1.83E+03,1.74E+04,1.8500488,
60886,5,BTM,60886_5_BTM,2348935016,0.0381,90.2189,4.73E-02,29.4104042,0.065469004,4.73E-02,2.23E-03,6.00E-03,11.3239,1.45E+03,2.23E+04,1.65751091,1.06E+03,1.74E+04,1.6287451,1.48E+03,1.40E+04,1.6143786,
60886,5,TOP,60886_5_TOP,2348935016,0.0381,92.1632,4.73E-02,29.4992218,0.072896585,5.93E-02,3.27E-03,1.09E-02,11.1857,5.53E+02,8.49E+03,1.696995629,1.13E+03,1.85E+04,1.5735074,9.16E+02,8.72E+03,1.7760482,
60886,6,BTM,60886_6_BTM,,,,,,,,,,,,,,,,,,,,Data_Not_Available
60886,6,TOP,60886_6_TOP,,,,,,,,,,,,,,,,,,,,Data_Not_Available
60920,1,BTM,60920_1_BTM,2347042240,0.0381,39.067297,4.73E-02,14.5790367,0.059843119,4.91E-02,2.94E-03,4.12E-03,3.20488,NA,2.15E-05,1.269594091,5.35E-01,5.36E+00,1.4775342,1.08E+00,1.68E+01,2.0794107,
60920,1,TOP,60920_1_TOP,2348935016,0.0381,94.03694,4.73E-02,32.1163292,0.060563374,4.77E-02,5.11E-03,4.86E-02,14.1471,4.23E+02,6.51E+03,1.789192163,5.19E+02,8.52E+03,1.7784245,2.21E+00,2.11E+01,2.0675736,
60920,10,TOP,60920_10_TOP,2348935016,0.0381,95.782,4.73E-02,40.4787254,0.073246382,5.96E-02,3.56E-03,2.87E-02,27.8091,3.76E+03,5.69E+04,1.616531845,4.90E+03,7.93E+04,1.6424559,8.91E+00,8.63E+01,1.938856,
60920,11,BTM,60920_11_BTM,2348935016,0.0381,NA,4.73E-02,39.3515434,0.071055599,5.43E-02,5.14E-03,3.30E-02,25.6015,8.01E+03,1.23E+05,1.577014309,4.42E+03,7.25E+04,1.6302157,1.88E+00,1.79E+01,2.4862925,
60920,11,TOP,60920_11_TOP,2348935016,0.0381,95.5893,4.73E-02,39.3515434,0.071055599,5.43E-02,5.14E-03,3.30E-02,25.6015,8.01E+03,1.23E+05,1.577014309,4.42E+03,7.25E+04,1.6302157,1.88E+00,1.79E+01,2.4862925,
60920,12,BTM,60920_12_BTM,2347444575,0.0381,NA,4.73E-02,24.8248768,0.059217122,4.73E-02,4.43E-03,1.65E-02,7.11662,1.43E+02,2.20E+03,1.554398703,6.22E+00,1.02E+02,1.7318761,6.76E-01,6.43E+00,2.1138594,
60920,12,TOP,60920_12_TOP,2348935016,0.0381,NA,4.73E-02,22.0852566,0.093900554,5.50E-02,2.74E-02,8.85E-02,5.5035,3.94E+01,4.43E+02,1.618151717,5.56E+00,6.66E+01,1.7805319,1.84E+00,2.40E+01,2.2414328,
60920,2,BTM,60920_2_BTM,2348935016,0.0381,82.450145,4.73E-02,26.5379982,0.074311301,5.39E-02,7.98E-03,2.08E-02,9.10338,9.00E+00,1.38E+02,1.59261073,6.55E+00,1.07E+02,1.8611652,3.65E+00,3.47E+01,2.0818443,
60920,2,TOP,60920_2_TOP,2348935016,0.0381,84.772715,4.73E-02,27.350605,0.0669479,5.16E-02,5.10E-03,1.42E-02,9.69247,1.06E+01,1.62E+02,1.614838509,9.05E+00,1.49E+02,1.825758,4.73E+00,4.51E+01,2.1107101,
60920,3,BTM,60920_3_BTM,2348935016,0.0381,84.0732,4.73E-02,24.5463657,0.095374607,6.14E-02,1.49E-02,4.50E-02,7.0647,4.58E+00,7.03E+01,1.687124567,4.03E+00,6.61E+01,1.6453288,1.53E+00,1.46E+01,2.3776822,
60920,3,TOP,60920_3_TOP,2347444575,0.0381,92.451697,4.73E-02,37.3585434,0.071867056,5.03E-02,9.88E-03,5.69E-02,22.6488,1.60E+03,2.45E+04,1.694082373,4.19E+03,6.85E+04,1.6573436,1.25E+01,1.20E+02,2.0116155,
60920,4,BTM,60920_4_BTM,2348935016,0.0381,79.55,4.73E-02,23.7638626,0.065445468,5.29E-02,7.12E-03,2.06E-02,6.77486,6.12E+00,9.41E+01,1.71517727,3.97E+00,6.51E+01,1.8489131,1.58E+00,1.51E+01,1.9582793,
60920,4,TOP,60920_4_TOP,,,,,,,,,,,,,,,,,,,,Data_Not_Available
60920,5,BTM,60920_5_BTM,2348935016,0.0381,NA,4.73E-02,35.7395592,0.07120499,4.77E-02,5.75E-03,4.23E-02,19.3324,3.10E+03,4.77E+04,1.615740487,2.53E+03,4.16E+04,1.7008085,8.32E+01,7.91E+02,2.0659265,
60920,5,TOP,60920_5_TOP,,,,,,,,,,,,,,,,,,,,Data_Not_Available
60920,6,BTM,60920_6_BTM,2348935016,0.0381,NA,4.73E-02,34.3815994,0.059603106,4.73E-02,4.73E-03,3.71E-02,17.2537,2.42E+03,3.62E+04,1.652482601,1.97E+03,3.15E+04,1.6135074,1.50E+01,1.47E+02,1.8675575,
60920,6,TOP,60920_6_TOP,,,,,,,,,,,,,,,,,,,,Data_Not_Available
60920,7,BTM,60920_7_BTM,2348935016,0.0381,NA,4.73E-02,15.9349737,0.058318425,4.73E-02,5.13E-03,1.59E-02,4.4841,NA,NA,NA,NA,NA,NA,NA,NA,NA,No_Pore_Connectivity
60920,7,TOP,60920_7_TOP,,,,,,,,,,,,,,,,,,,,Data_Not_Available
60920,8,BTM,60920_8_BTM,2348935016,0.0381,88.850492,4.73E-02,24.5282612,0.061407827,4.73E-02,1.68E-03,5.47E-03,6.67007,3.58E+02,5.48E+03,1.601712267,3.49E+02,5.71E+03,1.5880768,4.88E+00,4.64E+01,2.0475708,
60920,8,TOP,60920_8_TOP,2348935016,0.0381,96.88896,NA,NA,NA,NA,NA,NA,28.206,6.15E+03,9.44E+04,1.630378901,5.72E+03,9.38E+04,1.6738621,1.43E+02,1.36E+03,1.8828496,
60920,9,BTM,60920_9_BTM,2348935016,0.0381,NA,4.73E-02,18.797121,0.065212712,5.17E-02,7.09E-03,2.19E-02,4.06115,1.00E+01,1.33E+02,1.580227396,3.47E+00,4.90E+01,1.9003528,1.72E-01,1.90E+00,2.3603691,
60920,9,TOP,60920_9_TOP,2348935016,0.0381,98.347484,4.73E-02,45.21590424,0.056373645,4.73E-02,2.82E-03,3.75E-02,37.7485,6.92E+03,1.07E+05,1.675914018,1.14E+04,1.87E+05,1.7651062,6.98E+03,6.65E+04,1.6685843,
60921,3,BTM,60921_3_BTM,2348935016,0.0381,99.33343,4.73E-02,38.72545624,0.062731169,4.73E-02,5.61E-03,8.37E-02,23.479,2.60E+03,4.00E+04,1.70135193,3.43E+03,5.63E+04,1.6945852,1.04E+03,9.90E+03,1.8155593,
60921,3,TOP,60921_3_TOP,2348935016,0.0381,99.8036,4.73E-02,43.95294952,0.060745966,4.73E-02,8.00E-03,1.64E-01,34.1671,2.34E+04,3.60E+05,1.687705855,2.55E+04,4.18E+05,1.6561294,8.16E+03,7.77E+04,1.7392826,
60921,4,BTM,60921_4_BTM,2348935016,0.0381,88.004,4.73E-02,37.2953148,0.072816387,5.93E-02,8.45E-03,6.10E-02,23.6728,8.89E+03,1.37E+05,1.719691403,5.87E+02,9.62E+03,2.0234241,7.04E+03,6.71E+04,1.5856641,
60921,4,TOP,60921_4_TOP,2348935016,0.0381,0.93096438,4.73E-02,30.0512524,0.071953319,4.94E-02,6.22E-03,3.08E-02,11.707,3.76E+03,5.77E+04,1.642932988,4.20E+02,6.89E+03,1.6718841,4.31E+02,4.11E+03,1.8280577,
60923,1,BTM,60923_1_BTM,,,,,,,,,,,,,,,,,,,,Data_Not_Available
60923,1,TOP,60923_1_TOP,,,,,,,,,,,,,,,,,,,,Data_Not_Available
60923,10,BTM,60923_10_BTM,2348935016,0.0381,62.459593,4.73E-02,15.75620174,0.093584046,5.96E-02,1.55E-02,2.38E-02,2.51505,2.98E+01,4.57E+02,1.438450723,1.36E+02,2.20E+03,1.3050831,1.26E-02,1.20E-01,1.513315,
60923,10,TOP,60923_10_TOP,2348935016,0.0381,58.628058,4.73E-02,14.61263847,0.078813277,5.96E-02,6.64E-03,1.09E-02,2.41016,5.86E+01,7.51E+02,1.406633194,5.70E+01,7.75E+02,1.2648553,5.10E-01,5.78E+00,2.084456,
60923,11,BTM,60923_11_BTM,2348935016,0.0381,82.069979,4.73E-02,19.07376671,0.076839067,4.85E-02,6.73E-03,1.44E-02,3.39559,4.68E+02,7.14E+03,1.537423911,5.17E+02,8.51E+03,1.5368002,3.97E+02,3.74E+03,1.5370814,
60923,11,TOP,60923_11_TOP,2348935016,0.0381,63.783942,4.73E-02,13.99630451,0.081893861,5.38E-02,6.62E-03,7.22E-03,2.08518,8.24E+01,1.16E+03,1.445478734,4.82E+01,7.30E+02,1.5742596,3.02E-10,3.09E-09,2.3629581,
60923,12,BTM,60923_12_BTM,2348935016,0.0381,66.5896,4.73E-02,18.3137207,0.059049249,4.73E-02,1.19E-03,1.26E-03,3.70436,9.48E+00,1.45E+02,1.796981631,2.69E+01,4.42E+02,1.5206721,7.00E+01,6.65E+02,1.4891313,
60923,12,TOP,60923_12_TOP,2348935016,0.0381,88.7192,4.73E-02,27.1069164,0.065769456,4.73E-02,3.01E-03,7.57E-03,9.01597,5.70E+02,8.76E+03,1.591269987,8.44E+02,1.39E+04,1.5589438,1.35E+02,1.28E+03,1.9724457,
60923,13,BTM,60923_13_BTM,2348935016,0.0381,72.995151,4.73E-02,14.94183445,0.082847498,5.96E-02,8.60E-03,1.67E-02,1.8353,7.95E+01,1.21E+03,1.389591558,2.56E+01,4.16E+02,1.7453486,1.59E+02,1.51E+03,1.3617618,
60923,13,TOP,60923_13_TOP,2348935016,0.0381,55.978286,4.73E-02,15.32252693,0.08900214,5.96E-02,7.88E-03,8.74E-03,2.58084,3.28E+00,5.03E+01,1.727490523,3.98E-01,6.51E+00,1.3764507,7.24E+00,6.83E+01,1.4826255,
60923,14,BTM,60923_14_BTM,2348935016,0.0381,48.774004,4.73E-02,13.82173538,0.073462285,4.73E-02,5.57E-03,4.65E-03,2.17415,1.21E-01,1.85E+00,1.900817031,2.14E-01,3.46E+00,1.6475147,9.76E-02,9.24E-01,1.8972836,
60923,14,TOP,60923_14_TOP,2348935016,0.0381,7.212751,4.73E-02,5.215647221,0.076770909,4.73E-02,5.46E-03,3.13E-03,0.789976,0.00E+00,0.00E+00,1.347890232,2.71E-01,1.34E+00,1.3798641,5.80E-13,1.12E-11,1.939076,
60923,15,BTM,60923_15_BTM,2348935016,0.0381,95.497338,4.73E-02,34.6217041,0.064541042,4.73E-02,2.08E-03,9.98E-03,17.4519,1.99E+03,3.06E+04,1.823406555,2.55E+03,4.19E+04,1.689044,4.16E+03,3.95E+04,1.5806296,
60923,15,TOP,60923_15_TOP,2348935016,0.0381,97.323275,4.73E-02,35.59664917,0.077034131,5.96E-02,5.15E-03,3.82E-02,18.6123,2.73E+03,4.19E+04,1.724689844,1.89E+03,3.11E+04,1.6936202,1.72E+03,1.64E+04,1.6865064,
60923,16,BTM,60923_16_BTM,2348935016,0.0381,92.382169,4.73E-02,27.63533592,0.081732221,5.95E-02,7.19E-03,2.70E-02,9.17479,2.25E+02,3.46E+03,1.689873561,6.68E+02,1.10E+04,1.7103343,1.24E+03,1.18E+04,1.6800022,
60923,16,TOP,60923_16_TOP,2348935016,0.0381,97.664614,4.73E-02,34.53387833,0.079533383,5.87E-02,7.80E-03,6.53E-02,16.9351,2.74E+03,4.21E+04,1.73741092,1.54E+03,2.52E+04,1.7795866,3.75E+03,3.57E+04,1.7051136,
60923,17,BTM,60923_17_BTM,2348935016,0.0381,93.9339,4.73E-02,29.8647823,0.07534679,5.89E-02,4.94E-03,2.08E-02,11.3879,2.27E+02,3.48E+03,1.769809545,2.86E+02,4.69E+03,1.7916658,1.42E+03,1.35E+04,1.4931416,
60923,17,TOP,60923_17_TOP,2348935016,0.0381,97.7674,4.73E-02,38.1822433,0.059704468,4.73E-02,1.79E-03,1.55E-02,22.8655,3.15E+03,4.84E+04,1.739312798,1.51E+03,2.47E+04,1.7179187,4.15E+03,3.95E+04,1.6693813,
60923,18,BTM,60923_18_BTM,2348935016,0.0381,93.1805,4.73E-02,30.4792595,0.063017413,4.73E-02,2.75E-03,1.05E-02,12.2033,4.61E+02,7.08E+03,1.691325584,4.46E+02,7.33E+03,1.7374899,1.87E+03,1.78E+04,1.6022661,
60923,18,TOP,60923_18_TOP,2348935016,0.0381,96.535832,4.73E-02,36.31193542,0.076032892,5.88E-02,6.52E-03,5.46E-02,19.9182,2.34E+03,3.59E+04,1.673842932,3.14E+03,5.16E+04,1.6717882,1.97E+03,1.88E+04,1.8100399,
60923,19,BTM,60923_19_BTM,2348935016,0.0381,94.6929,4.73E-02,31.3846989,0.072958864,4.73E-02,5.46E-03,2.64E-02,13.1107,2.24E+03,3.44E+04,1.71000401,7.32E+02,1.20E+04,1.9721541,9.02E+03,8.58E+04,1.4611899,
60923,19,TOP,60923_19_TOP,2348935016,0.0381,95.914297,4.73E-02,30.37445641,0.080965996,5.67E-02,9.46E-03,5.97E-02,11.7336,5.17E+01,7.94E+02,1.826773279,1.21E+02,1.99E+03,1.8219385,6.05E+03,5.76E+04,1.4916401,
60923,2,BTM,60923_2_BTM,,,,,,,,,,,,,,,,,,,,Data_Not_Available
60923,2,TOP,60923_2_TOP,,,,,,,,,,,,,,,,,,,,Data_Not_Available
60923,20,BTM,60923_20_BTM,2348935016,0.0381,96.852754,4.73E-02,35.26047134,0.102562271,6.18E-02,2.47E-02,2.35E-01,18.1778,2.55E+03,3.91E+04,1.768248509,9.09E+03,1.50E+05,1.594536,1.04E+04,9.83E+04,1.6298477,
60923,20,TOP,60923_20_TOP,2348935016,0.0381,97.095569,4.73E-02,35.76992035,0.100234896,6.66E-02,1.74E-02,1.60E-01,18.9297,1.57E+04,2.41E+05,1.860683998,1.33E+04,2.19E+05,1.8044904,2.18E+04,2.08E+05,1.5270761,
60923,21,BTM,60923_21_BTM,2348935016,0.0381,NA,4.73E-02,31.8519993,0.064418636,4.73E-02,2.71E-03,9.11E-03,14.0957,5.25E+02,8.06E+03,1.761365089,6.71E+03,1.10E+05,1.6143215,1.38E+04,1.31E+05,1.4738917,
60923,21,TOP,60923_21_TOP,2348935016,0.0381,NA,4.73E-02,27.367672,0.072672367,5.71E-02,3.71E-03,9.54E-03,9.24549,1.22E+02,1.87E+03,1.694834335,3.44E+02,5.66E+03,1.6955607,8.84E+01,8.45E+02,1.8679761,
60923,3,BTM,60923_3_BTM,,,,,,,,,,,,,,,,,,,,Data_Not_Available
60923,3,TOP,60923_3_TOP,,,,,,,,,,,,,,,,,,,,Data_Not_Available
60923,4,BTM,60923_4_BTM,,,,,,,,,,,,,,,,,,,,Data_Not_Available
60923,4,TOP,60923_4_TOP,,,,,,,,,,,,,,,,,,,,Data_Not_Available
60923,5,BTM,60923_5_BTM,,,,,,,,,,,,,,,,,,,,Data_Not_Available
60923,5,TOP,60923_5_TOP,,,,,,,,,,,,,,,,,,,,Data_Not_Available
60923,6,BTM,60923_6_BTM,,,,,,,,,,,,,,,,,,,,Data_Not_Available
60923,6,TOP,60923_6_TOP,,,,,,,,,,,,,,,,,,,,Data_Not_Available
60923,7,BTM,60923_7_BTM,,,,,,,,,,,,,,,,,,,,Data_Not_Available
60923,7,TOP,60923_7_TOP,,,,,,,,,,,,,,,,,,,,Data_Not_Available
60923,8,BTM,60923_8_BTM,2348935016,0.0381,63.721688,4.73E-02,15.82673359,0.094629243,5.96E-02,1.16E-02,1.74E-02,2.49849,2.75E+00,4.29E+01,1.378741068,6.04E+01,9.71E+02,1.0683351,8.57E-01,8.03E+00,1.4487684,
60923,8,TOP,60923_8_TOP,2348935016,0.0381,86.713822,4.73E-02,24.30084038,0.084609859,5.96E-02,8.61E-03,3.24E-02,6.64608,2.21E+03,3.39E+04,1.414054971,1.94E+03,3.18E+04,1.7028276,2.76E+00,2.61E+01,1.7897641,
60923,9,BTM,60923_9_BTM,2348935016,0.0381,76.139443,4.73E-02,20.84244537,0.079586796,5.82E-02,5.28E-03,7.73E-03,4.77558,2.74E+02,4.21E+03,1.672900679,4.59E+02,7.49E+03,1.611243,2.48E+01,2.36E+02,1.7805065,
60923,9,TOP,60923_9_TOP,2348935016,0.0381,NA,4.73E-02,26.8386288,0.072713517,4.73E-02,3.93E-03,8.92E-03,8.95158,2.30E+02,3.55E+03,1.598231915,9.73E+01,1.60E+03,1.7872926,2.63E+01,2.50E+02,1.8795431,
60929,1,BTM,60929_1_BTM,2348935016,0.0381457,67.3535,4.73E-02,19.5193214,0.068538979,5.96E-02,1.43E-03,1.30E-03,4.43429,4.45E+01,6.83E+02,1.752887798,1.89E+01,3.08E+02,1.8291602,6.08E+01,5.74E+02,1.4010593,
60929,1,TOP,60929_1_TOP,2345490000,0.0381457,88.0399,4.73E-02,27.5019112,0.065860696,5.35E-02,1.38E-03,3.04E-03,9.50246,2.26E+02,3.47E+03,1.667910926,2.48E+02,4.06E+03,1.6695298,1.89E+02,1.79E+03,1.6514385,
60929,2,BTM,60929_2_BTM,2237604800,0.0381457,86.0253,4.73E-02,23.62498283,0.067538232,5.47E-02,1.92E-03,3.95E-03,6.46198,9.70E+01,1.42E+03,1.6654535,1.03E+02,1.78E+03,1.6401558,1.05E+01,9.48E+01,1.8237842,
60929,2,TOP,60929_2_TOP,1900198960,0.0381457,96.8514,4.73E-02,32.45872498,0.072085179,5.96E-02,3.05E-03,1.96E-02,17.5287,2.52E+03,4.24E+04,1.569747599,2.49E+03,3.73E+04,1.5678221,1.89E+02,1.45E+03,1.8761343,
60929,3,BTM,60929_3_BTM,2348935016,0.0381457,85.393,4.73E-02,25.38129997,0.070161738,5.58E-02,2.22E-03,4.24E-03,7.68969,4.94E+01,7.60E+02,1.653949404,6.74E+01,1.10E+03,1.7003513,6.03E+01,5.73E+02,1.7202022,
60929,3,TOP,60929_3_TOP,2348935016,0.0381457,90.171,4.73E-02,28.53012657,0.072650373,5.80E-02,2.55E-03,6.91E-03,10.3427,4.82E+02,7.42E+03,1.580965706,7.23E+02,1.18E+04,1.552816,7.84E+01,7.44E+02,1.7212726,
60932,1,BTM,60932_1_BTM,2348935016,0.0381,94.590727,4.73E-02,21.4189415,0.057647675,4.73E-02,1.15E-03,7.26E-03,4.17191,1.97E+01,2.92E+02,1.922889518,2.57E+00,4.36E+01,2.3743342,2.37E+02,2.17E+03,1.6042545,
60932,1,TOP,60932_1_TOP,2348935016,0.0381,68.595817,4.73E-02,22.07385254,0.098606035,5.94E-02,7.16E-02,4.28E-01,6.2969,6.09E-02,8.91E-01,2.030465877,6.05E+01,1.04E+03,1.6423389,3.33E+00,3.01E+01,1.3267515,
60932,2,BTM,60932_2_BTM,2348935016,0.0381,NA,4.73E-02,9.305768013,0.058225725,4.73E-02,1.00E-03,2.43E-03,0.770929,NA,NA,NA,NA,NA,NA,NA,NA,NA,No_Pore_Connectivity
60932,2,TOP,60932_2_TOP,2348935016,0.0381,98.6536,4.73E-02,38.97514343,0.073968329,4.78E-02,2.97E-02,4.51E-01,24.1013,1.14E+03,1.75E+04,1.725028339,6.99E+03,1.15E+05,1.5824213,2.96E+02,2.81E+03,2.044299,
60932,3,BTM,60932_3_BTM,2348935016,0.0381,NA,4.73E-02,9.999193192,0.064244971,4.73E-02,2.69E-03,3.14E-03,1.19938,NA,NA,NA,NA,NA,NA,NA,NA,NA,No_Pore_Connectivity
60932,3,TOP,60932_3_TOP,2348935016,0.0381,98.506523,4.73E-02,42.36006165,0.064711705,4.73E-02,4.78E-03,6.30E-02,30.9881,1.17E+04,1.79E+05,1.622508383,1.12E+04,1.83E+05,1.6371938,2.81E+01,2.68E+02,1.8476587,
60932,4,BTM,60932_4_BTM,2348935016,0.0381,4.671148,4.73E-02,8.018420219,0.059414893,4.73E-02,1.12E-03,1.19E-03,0.767229,0.00E+00,0.00E+00,1.234339126,0.00E+00,0.00E+00,2.3438751,3.11E-02,7.61E-02,1.0361962,
60932,4,TOP,60932_4_TOP,2348935016,0.0381,NA,4.73E-02,5.034912109,0.055677354,4.73E-02,7.94E-04,6.27E-04,0.314595,NA,NA,NA,NA,NA,NA,NA,NA,NA,No_Pore_Connectivity
60932,5,TOP,60932_5_TOP,2348935016,0.0381,NA,4.73E-02,15.25341702,0.620414734,6.88E-01,8.55E-01,5.88E+00,1.50565,NA,NA,NA,NA,NA,NA,NA,NA,NA,No_Pore_Connectivity
60932,6,BTM,60932_6_BTM,2348935016,0.0381,15.70522,4.73E-02,8.333714485,0.079232417,5.96E-02,3.89E-03,2.77E-03,1.1093,7.76E+01,5.57E+02,1.177163058,8.54E-02,1.09E+00,1.4521602,9.54E-02,1.04E+00,1.1885725,
60932,6,TOP,60932_6_TOP,2348935016,0.0381,78.601325,4.73E-02,26.39607239,0.078956842,5.96E-02,5.29E-03,1.68E-02,9.39675,2.78E+01,4.23E+02,1.771190473,3.78E+02,6.14E+03,1.6410665,6.70E+00,6.44E+01,2.0186269,
60933,1,TOP,60933_1_TOP,2348935016,0.0381,99.365677,4.73E-02,49.99158859,0.059893917,4.73E-02,1.76E-03,3.19E-02,50.9047,5.75E+04,8.91E+05,1.652964233,5.38E+04,8.77E+05,1.6669854,2.00E+04,1.88E+05,1.7457557,
60933,10,TOP,60933_10_TOP,2348935016,0.0381,96.818198,4.73E-02,34.29822159,0.070489332,5.96E-02,2.76E-03,1.79E-02,16.7358,7.57E+02,1.16E+04,1.649408227,7.15E+02,1.17E+04,1.6181515,2.38E+02,2.26E+03,1.7482453,
60933,11,BTM,60933_11_BTM,2348935016,0.0381,91.435819,4.73E-02,30.10599327,0.082042269,5.96E-02,5.29E-03,1.70E-02,11.9848,2.75E+02,4.23E+03,1.759996589,3.34E+02,5.49E+03,1.7550015,5.23E+02,4.98E+03,1.5974876,
60933,11,TOP,60933_11_TOP,2348935016,0.0381,86.70157,4.73E-02,25.52318382,0.08767619,5.96E-02,6.74E-03,1.68E-02,7.70136,NA,NA,NA,NA,NA,NA,NA,NA,NA,No_Pore_Connectivity
60933,12,BTM,60933_12_BTM,2348935016,0.0381,91.03581,4.73E-02,27.6069603,0.08560168,5.96E-02,6.83E-03,2.34E-02,9.28182,5.80E+01,8.90E+02,1.773925992,7.07E+01,1.12E+03,1.7558644,3.22E+01,3.07E+02,1.8251271,
60933,12,TOP,60933_12_TOP,2348935016,0.0381,87.590531,4.73E-02,25.67473602,0.086375982,5.96E-02,6.54E-03,1.69E-02,7.7598,9.41E+01,5.02E+06,1.80894605,5.96E+01,9.76E+02,1.8123844,2.38E+02,2.26E+03,1.6046976,
60933,13,BTM,60933_13_BTM,2348935016,0.0381,96.850289,4.73E-02,32.50378036,0.087308161,5.96E-02,7.43E-03,5.01E-02,14.2394,6.88E+02,1.06E+04,1.694540071,4.05E+02,6.64E+03,1.7441781,1.68E+03,1.59E+04,1.6580377,
60933,13,TOP,60933_13_TOP,2348935016,0.0381,97.8141,4.73E-02,34.96099091,0.086590029,6.08E-02,8.47E-03,7.37E-02,17.5444,1.96E+03,3.02E+04,1.667229431,2.45E+03,4.01E+04,1.681344,1.45E+03,1.38E+04,1.7050468,
60933,14,BTM,60933_14_BTM,2348935016,0.0381,96.498547,4.73E-02,37.383461,0.090263709,6.32E-02,7.82E-03,5.36E-02,21.7424,5.65E+03,8.67E+04,1.705884863,8.17E+03,1.34E+05,1.6286175,5.02E+03,4.78E+04,1.6115074,
60933,14,TOP,60933_14_TOP,2348935016,0.0381,98.455472,4.73E-02,36.0881424,0.077352867,5.96E-02,8.20E-03,8.61E-02,19.1709,2.87E+03,4.40E+04,1.652843766,2.04E+03,3.34E+04,1.6678742,1.27E+03,1.21E+04,1.7400245,
60933,15,BTM,60933_15_BTM,2348935016,0.0381,95.690827,4.73E-02,32.0035896,0.089144327,5.98E-02,8.11E-03,4.65E-02,13.7567,3.77E+02,5.79E+03,1.805703512,2.02E+03,3.31E+04,1.6506339,2.02E+03,1.93E+04,1.5836712,
60933,15,TOP,60933_15_TOP,2348935016,0.0381,95.091188,4.73E-02,30.605093,0.082025684,5.96E-02,6.52E-03,3.43E-02,12.1068,4.95E+02,7.61E+03,1.733112413,3.51E+02,5.75E+03,1.7216313,4.37E+02,4.16E+03,1.7225031,
60933,16,BTM,60933_16_BTM,2348935016,0.0381,96.769209,4.73E-02,34.74518204,0.081161886,5.96E-02,5.55E-03,3.62E-02,17.4075,1.74E+03,2.67E+04,1.738145188,1.54E+03,2.52E+04,1.7140937,3.16E+03,3.00E+04,1.5535332,
60933,16,TOP,60933_16_TOP,2348935016,0.0381,92.552959,4.73E-02,27.50146103,0.083369158,5.96E-02,6.93E-03,2.70E-02,9.01969,1.23E+02,1.89E+03,1.745969787,3.51E+02,5.76E+03,1.6719506,3.35E+02,3.19E+03,1.687606,
60933,17,BTM,60933_17_BTM,2348935016,0.0381,99.351099,4.73E-02,47.25026703,0.10453175,7.33E-02,2.63E-02,4.70E-01,42.6413,5.86E+04,8.99E+05,1.620662968,4.87E+04,7.99E+05,1.7103669,2.81E+04,2.67E+05,1.667519,
60933,17,TOP,60933_17_TOP,2348935016,0.0381,98.510326,4.73E-02,38.46060562,0.087176323,6.17E-02,1.14E-02,1.29E-01,23.193,9.48E+03,1.46E+05,1.61077312,1.71E+04,2.80E+05,1.6106819,8.03E+02,7.64E+03,1.8210451,
60933,18,BTM,60933_18_BTM,2348935016,0.0381,98.054648,4.73E-02,40.4596786,0.091776922,6.65E-02,1.12E-02,1.14E-01,27.1262,1.79E+04,2.74E+05,1.684865485,2.45E+04,4.02E+05,1.6844629,9.76E+02,9.28E+03,1.8336021,
60933,18,TOP,60933_18_TOP,2348935016,0.0381,98.767552,4.73E-02,36.94482803,0.07659515,5.96E-02,7.03E-03,8.12E-02,20.5039,3.04E+03,4.66E+04,1.641914619,9.66E+02,9.19E+03,1.782734,9.66E+02,9.19E+03,1.782734,
60933,19,BTM,60933_19_BTM,2348935016,0.0381,97.3872,4.73E-02,34.6931038,0.084147893,5.96E-02,6.89E-03,5.22E-02,17.2194,1.21E+03,1.86E+04,1.696999683,1.68E+03,2.75E+04,1.6935656,2.54E+03,2.41E+04,1.5813326,
60933,19,TOP,60933_19_TOP,2348935016,0.0381,98.5006,4.73E-02,34.8432465,0.085906066,5.96E-02,1.10E-02,1.15E-01,17.2467,8.24E+02,7.88E+03,1.645127772,1.92E+03,3.15E+04,1.7350959,1.22E+03,1.16E+04,1.6700652,
60933,2,BTM,60933_2_BTM,2348935016,0.0381,97.9504,4.73E-02,37.87852478,0.072985321,5.37E-02,4.47E-03,3.90E-02,22.2824,4.45E+03,6.83E+04,1.657144304,1.38E+03,2.27E+04,1.735789,7.64E+02,7.28E+03,1.773668,
60933,2,TOP,60933_2_TOP,2348935016,0.0381,97.929653,4.73E-02,42.30220413,0.081193812,5.96E-02,7.02E-03,6.84E-02,31.0431,1.16E+04,1.78E+05,1.650082537,1.34E+04,2.19E+05,1.6177519,8.74E+02,8.33E+03,1.8097389,
60933,20,BTM,60933_20_BTM,2347444575,0.0381,98.356508,4.73E-02,42.6415749,0.096475154,6.86E-02,1.17E-02,1.32E-01,31.6582,6.09E+04,9.36E+05,1.69703982,5.67E+04,9.31E+05,1.6049051,8.12E+03,7.73E+04,1.7064198,
60933,20,TOP,60933_20_TOP,2348935016,0.0381,94.966217,4.73E-02,30.1617641,0.079761513,5.96E-02,5.87E-03,3.12E-02,11.6036,3.23E+02,4.97E+03,1.667621223,4.15E+02,6.81E+03,1.6426509,2.81E+02,2.67E+03,1.7389012,
60933,3,BTM,60933_3_BTM,2348935016,0.0381,97.7678,4.73E-02,42.5766144,0.07161025,5.96E-02,3.01E-03,2.64E-02,31.7035,4.99E+03,7.66E+04,1.630373307,4.06E+03,6.66E+04,1.6962916,1.40E+03,1.34E+04,1.8526366,
60933,3,TOP,60933_3_TOP,,,,,,,,,,,,,,,,,,,,Data_Not_Available
60933,4,BTM,60933_4_BTM,2348935016,0.0381,96.1643,4.73E-02,34.4706917,0.073359154,5.96E-02,3.20E-03,1.84E-02,17.1051,4.02E+02,6.17E+03,1.787814219,1.02E+04,1.68E+05,1.6382194,2.95E+02,2.82E+03,1.7537463,
60933,4,TOP,60933_4_TOP,2348935016,0.0381,97.1089,4.73E-02,35.4310951,0.072179295,5.96E-02,3.30E-03,2.32E-02,18.3943,7.31E+02,1.12E+04,1.659649996,1.02E+03,1.67E+04,1.7204889,3.55E+02,3.38E+03,1.7825848,
60933,5,BTM,60933_5_BTM,2348935016,0.0381,90.087499,4.73E-02,28.28860474,0.073698707,5.96E-02,3.61E-03,1.14E-02,10.0916,2.16E+03,3.31E+04,1.718000515,1.87E+02,3.07E+03,1.7164947,9.72E+00,9.22E+01,1.8674405,
60933,5,TOP,60933_5_TOP,2348935016,0.0381,97.716364,4.73E-02,45.83102417,0.070832133,5.96E-02,5.48E-03,8.18E-02,39.5641,2.56E+05,3.93E+06,1.627089464,1.98E+05,3.25E+06,1.6957756,5.89E+02,5.61E+03,1.9064891,
60933,6,BTM,60933_6_BTM,2348935016,0.0381,92.085643,4.73E-02,29.08966446,0.07648176,5.96E-02,4.08E-03,1.44E-02,10.7353,9.89E+01,1.52E+03,1.768844032,3.58E+02,5.88E+03,1.7151154,2.01E+02,1.91E+03,1.7753384,
60933,6,TOP,60933_6_TOP,2348935016,0.0381,95.558577,4.73E-02,32.98215866,0.072287373,5.96E-02,2.67E-03,1.37E-02,15.0785,3.60E+02,5.51E+03,1.715504343,3.56E+02,5.85E+03,1.7481482,3.81E+02,3.62E+03,1.7763786,
60933,7,BTM,60933_7_BTM,2348935016,0.0381,97.9377,4.73E-02,34.9880714,0.066373944,5.94E-02,2.38E-03,2.08E-02,17.563,1.71E+03,2.63E+04,1.668958668,2.01E+03,3.29E+04,1.6210958,1.65E+03,1.57E+04,1.6789249,
60933,7,TOP,60933_7_TOP,2348935016,0.0381,99.4197,4.73E-02,46.4090614,0.066015847,5.84E-02,4.08E-03,6.96E-02,40.3762,2.39E+04,3.65E+05,1.661560212,3.15E+05,5.17E+06,1.6352831,1.08E+03,1.03E+04,1.7354084,
60933,8,BTM,60933_8_BTM,,,,,,,,,,,,,,,,,,,,Data_Not_Available
60933,8,TOP,60933_8_TOP,,,,,,,,,,,,,,,,,,,,Data_Not_Available
60933,9,TOP,60933_9_TOP,2348935016,0.0381,98.97485,4.73E-02,40.84765244,0.073324993,5.96E-02,6.32E-03,8.32E-02,27.6545,6.58E+03,1.01E+05,1.680330358,5.41E+03,8.89E+04,1.6596701,1.36E+03,1.30E+04,1.8101295,
60938,1,BTM,60938_1_BTM,2348935016,0.0381,78.42261,4.73E-02,20.37953,0.060717,4.73E-02,1.86E-03,2.06E-03,4.9321,8.32E-06,1.28E+02,1.903706,3.42E-05,5.60E+02,1.709409,1.23E-05,1.17E+02,1.615371,
60938,1,TOP,60938_1_TOP,2348935016,0.0381,79.3491,4.73E-02,24.48459244,0.073404111,4.73E-02,4.62E-03,7.97E-03,7.4289,3.06E-05,4.67E+02,1.780219296,2.34E-05,3.81E+02,1.777667055,5.47E-06,5.24E+01,1.754947843,
60938,2,BTM,60938_2_BTM,2348935016,0.0381,NA,4.73E-02,11.61977768,0.073683321,5.79E-02,4.46E-03,4.85E-03,1.659,NA,NA,NA,NA,NA,NA,NA,NA,NA,No_Pore_Connectivity
60938,2,TOP,60938_2_TOP,2348935016,0.0381,35.970371,4.73E-02,14.90977287,0.087699115,5.96E-02,8.20E-03,8.63E-03,3.70049,5.75E-02,8.75E-01,1.732478465,6.95E-02,1.15E+00,1.8602391,1.84E-01,1.73E+00,1.9748436,
60938,3,BTM,60938_3_BTM,2348935016,0.0381,19.012571,4.73E-02,8.39318848,0.091721959,5.97E-02,1.29E-02,1.29E-02,1.98394,NA,9.65E-09,1.476775646,6.01E+00,6.04E+01,1.1422024,2.28E-10,3.49E-09,3.3892578,
60938,3,TOP,60938_3_TOP,2348935016,0.0381,96.744906,4.73E-02,34.50293732,0.086839296,5.96E-02,1.56E-02,1.39E-01,17.0502,2.01E+03,3.09E+04,1.75192545,2.87E+03,4.72E+04,1.6651901,1.51E+02,1.44E+03,1.752353,
60938,4,BTM,60938_4_BTM,2348935016,0.0381,74.072996,4.73E-02,22.58967018,0.087820962,5.96E-02,9.71E-03,1.99E-02,6.2497,1.94E+01,2.97E+02,1.528354416,5.90E+01,9.72E+02,1.6199085,2.48E+01,2.35E+02,1.6529588,
60938,4,TOP,60938_4_TOP,858494016,0.0381,NA,4.73E-02,7.409049511,0.077026412,5.77E-02,7.26E-03,6.66E-03,1.65123,NA,NA,NA,NA,NA,NA,NA,NA,NA,No_Pore_Connectivity
60938,5,BTM,60938_5_BTM,2348935016,0.0381,77.357719,4.73E-02,21.3593216,0.083788112,5.96E-02,7.12E-03,1.26E-02,5.05881,6.98E-01,1.07E+01,1.95473858,1.13E+02,1.86E+03,1.287796,7.75E+00,7.38E+01,1.5301856,
60938,5,TOP,60938_5_TOP,2348935016,0.0381,77.1151,4.73E-02,22.8811855,0.080734991,5.96E-02,6.76E-03,1.66E-02,6.23858,3.25E+02,5.00E+03,1.533828518,6.75E+01,1.11E+03,1.5721459,1.67E+01,1.59E+02,1.7980683,
60938,6,BTM,60938_6_BTM,2348935016,0.0381,76.844605,4.73E-02,20.1473351,0.081459679,5.96E-02,6.34E-03,1.13E-02,4.27395,5.73E+00,8.80E+01,1.901686288,9.40E+00,1.54E+02,1.9066817,4.66E+01,4.41E+02,1.6022539,
60938,6,TOP,60938_6_TOP,2348935016,0.0381,77.54238,4.73E-02,21.7143326,0.085206837,5.96E-02,6.89E-03,1.23E-02,5.30261,1.14E+01,1.74E+02,1.767951988,2.42E+01,3.99E+02,1.6989631,1.21E+01,1.15E+02,1.7981573,
60940,1,BTM,60940_1_BTM,2348935016,0.0381,97.316892,4.73E-02,35.39781189,0.072465092,5.96E-02,3.08E-03,2.28E-02,18.3034,1.10E+03,1.68E+04,1.611741239,1.10E+03,1.81E+04,1.5906081,3.12E+02,2.98E+03,1.7257355,
60940,1,TOP,60940_1_TOP,2348935016,0.0381,94.579928,4.73E-02,33.15801239,0.073879912,5.96E-02,3.75E-03,1.87E-02,15.4795,2.72E+02,4.17E+03,1.651232038,2.68E+03,4.40E+04,1.6171657,3.07E+01,2.92E+02,1.9257255,
60940,2,BTM,60940_2_BTM,2348935016,0.0381,97.859926,4.73E-02,34.15417099,0.072026514,5.96E-02,3.45E-03,2.87E-02,16.3499,6.34E+02,9.75E+03,1.62715898,6.17E+02,2.80E+04,1.6430119,4.11E+02,3.91E+03,1.6713531,
60940,2,TOP,60940_2_TOP,2348935016,0.0381,98.437866,4.73E-02,39.9485054,0.074431658,5.96E-02,4.47E-03,4.85E-02,26.0093,2.90E+03,1.24E+05,1.637452029,6.22E+03,1.02E+05,1.6383251,1.19E+03,1.13E+04,1.7058281,
60940,3,BTM,60940_3_BTM,2348935016,0.0381,88.565402,4.73E-02,29.95103264,0.075876333,5.96E-02,2.61E-03,6.67E-03,12.1832,5.93E+04,9.00E+05,1.61040539,2.50E+01,4.09E+02,1.8007258,4.39E-01,4.14E+00,2.2425182,
60940,3,TOP,60940_3_TOP,2348935016,0.0381,87.90479,4.73E-02,29.65180969,0.076489322,5.96E-02,2.53E-03,5.94E-03,11.9105,4.71E+01,4.47E+02,1.934886874,2.70E+02,4.42E+03,1.650715,4.71E+01,4.47E+02,1.9348869,
60940,4,BTM,60940_4_BTM,2348935016,0.0381,91.785592,1.34E+01,60.68985367,34.33991241,3.29E+01,1.90E+02,9.59E-03,14.8483,1.53E+02,2.35E+03,1.717223681,8.84E+02,1.45E+04,1.6867732,9.68E+01,9.18E+02,1.9542472,
60940,4,TOP,60940_4_TOP,2348935016,0.0381,89.468873,4.73E-02,30.10994148,0.072190791,5.96E-02,2.11E-03,5.57E-03,12.2532,4.34E+02,6.61E+03,1.619629892,2.46E+02,4.05E+03,1.6609256,1.14E+02,1.08E+03,1.7354037,
60940,5,BTM,60940_5_BTM,,,,,,,,,,,,,,,,,,,,Data_Not_Available
60940,5,TOP,60940_5_TOP,,,,,,,,,,,,,,,,,,,,Data_Not_Available
60940,6,BTM,60940_6_BTM,,,,,,,,,,,,,,,,,,,,Data_Not_Available
60940,6,TOP,60940_6_TOP,,,,,,,,,,,,,,,,,,,,Data_Not_Available
60942,1,BTM,60942_1_BTM,2348935016,0.0381,88.041554,4.73E-02,27.35334206,0.071090989,5.96E-02,2.68E-03,6.85E-03,9.33541,2.25E+02,3.45E+03,1.686712083,2.88E+02,4.72E+03,1.652778,4.05E+01,3.83E+02,1.6797908,
60942,1,TOP,60942_1_TOP,2348935016,0.0381,82.260605,4.73E-02,26.09289169,0.077063709,5.96E-02,2.91E-03,5.04E-03,8.6729,5.18E+01,7.98E+02,1.70032593,6.54E+01,1.07E+03,1.7693737,5.59E+01,5.30E+02,1.7485431,
60942,2,BTM,60942_2_BTM,2348935016,0.0381,59.152652,4.73E-02,15.39408779,0.069856375,5.10E-02,3.52E-03,5.13E-03,2.56636,5.88E-02,9.01E-01,1.639137572,3.32E-02,5.41E-01,1.7721221,1.96E+00,1.82E+01,1.2369022,
60942,2,TOP,60942_2_TOP,2348935016,0.0381,90.25524,4.73E-02,27.450634,0.074699529,5.76E-02,4.45E-03,1.44E-02,9.27873,3.50E+02,5.42E+03,1.711978455,2.46E+02,4.00E+03,1.7543782,2.51E+02,2.37E+03,1.6582344,
60942,3,BTM,60942_3_BTM,2348935016,0.0381,34.294191,4.73E-02,9.322571754,0.071804933,5.03E-02,3.18E-03,2.71E-03,0.948805,1.81E-01,1.27E+00,1.826248578,3.45E-03,2.63E-02,1.7270972,1.81E-01,3.67E+00,1.6186564,
60942,3,TOP,60942_3_TOP,2348935016,0.0381,98.46723,4.73E-02,37.53552246,0.075214773,5.96E-02,6.50E-03,7.19E-02,21.5688,4.91E+04,7.53E+05,1.601938732,4.00E+03,6.57E+04,1.6647715,4.31E+02,4.10E+03,1.8915661,
60942,4,BTM,60942_4_BTM,2348935016,0.0381,94.265532,4.73E-02,27.80626297,0.063803293,4.73E-02,3.38E-03,1.79E-02,9.15935,1.28E+02,1.96E+03,1.728196501,1.71E+02,2.80E+03,1.7106728,1.72E+01,1.64E+02,1.9408782,
60942,4,TOP,60942_4_TOP,2348935016,0.0381,99.178518,4.73E-02,39.92547607,0.089913778,6.83E-02,1.35E-02,1.94E-01,25.7705,1.75E+03,2.68E+04,1.682679689,1.91E+03,3.13E+04,1.671624,1.63E+03,1.55E+04,1.7337506,
60942,5,BTM,60942_5_BTM,2348935016,0.0381,NA,4.73E-02,3.667817831,0.077588253,4.73E-02,1.21E-02,6.94E-03,1.03065,NA,NA,NA,NA,NA,NA,NA,NA,NA,No_Pore_Connectivity
60942,5,TOP,60942_5_TOP,2348935016,0.0381,81.179109,4.73E-02,19.67401314,0.088368692,5.49E-02,2.31E-02,6.75E-02,3.76725,3.347270645,40.70065578,1.794284174,10.04045824,130.5006694,1.641874751,0.136959668,1.644727853,1.286348375,
60942,6,BTM,60942_6_BTM,2348935016,0.0381,82.213255,4.73E-02,17.89203453,0.073484696,5.85E-02,4.35E-03,8.52E-03,2.79787,2.10E+01,3.23E+02,1.663451797,2.44E+02,4.00E+03,1.3856335,2.48E+00,2.35E+01,1.951494,
60942,6,TOP,60942_6_TOP,2348935016,0.0381,98.83991,4.73E-02,42.64673996,0.070892595,5.95E-02,5.89E-03,8.13E-02,31.5148,6.98E+03,1.07E+05,1.598485262,2.24E+04,3.67E+05,1.5567898,8.86E+02,8.42E+03,1.8883185,
60946,1,BTM,60946_1_BTM,2348935016,0.0381,89.351392,4.73E-02,20.8882179,0.05952787,4.73E-02,5.50E-03,2.86E-02,4.09631,1.27E+02,1.94E+03,2.269680394,7.77E+01,1.28E+03,1.6715474,2.05E+02,1.91E+03,1.4970946,
60946,1,TOP,60946_1_TOP,2348935016,0.0381,92.901672,4.73E-02,26.0172653,0.06108363,4.73E-02,2.76E-03,1.72E-02,7.61292,1.72E+03,2.64E+04,1.483703317,8.59E+02,1.41E+04,1.5229354,7.15E+00,6.81E+01,1.5875235,
60946,2,BTM,60946_2_BTM,2348935016,0.0381,89.3513919,4.73E-02,7.31838131,0.062003128,4.73E-02,1.55E-03,1.38E-03,0.952223,127.4318685,1936.640062,2.269680394,77.65248426,1281.326581,1.671547365,204.9731856,1907.530849,1.497094641,
60946,2,TOP,60946_2_TOP,2348935016,0.0381,91.995449,4.73E-02,27.4209938,0.058835298,4.73E-02,3.29E-03,2.03E-02,9.00063,5.39E+01,8.29E+02,1.563753554,9.05E+01,1.49E+03,1.6843222,8.15E+00,7.75E+01,2.186966,
61049,1,BTM,61049_1_BTM,2348935016,0.0381,82.941767,4.73E-02,26.2061214,0.08510384,5.96E-02,6.66E-03,1.48E-02,8.71415,4.51E+01,6.94E+02,1.628776239,5.11E+03,8.34E+04,1.3694377,7.51E+00,7.14E+01,1.8525677,
61049,1,TOP,61049_1_TOP,2348935016,0.0381,85.6195,4.73E-02,24.057703,0.077765465,5.96E-02,4.45E-03,1.15E-02,6.531,1.03E+01,1.57E+02,1.887370855,5.20E+01,8.54E+02,1.8317085,2.20E+01,2.07E+02,1.7827536,
61049,11,BTM,61049_11_BTM,2348935016,0.0381,38.54339,4.73E-02,13.3695717,0.082861044,6.39E-02,2.63E-03,1.45E-03,2.48996,1.14E+00,1.53E+01,1.767851748,2.64E+01,3.84E+02,1.3865839,2.00E+00,2.15E+01,1.5598782,
61049,11,TOP,61049_11_TOP,2348935016,0.0381,76.019039,4.73E-02,24.8421345,0.087183729,6.83E-02,3.64E-03,4.96E-03,8.09905,1.19E+02,1.79E+03,1.669581293,1.20E+02,1.94E+03,1.6464955,6.79E+00,6.59E+01,1.9147827,
61049,12,BTM,61049_12_BTM,2348935016,0.0381,85.46594,4.73E-02,23.6006451,0.068636611,5.46E-02,2.11E-03,4.69E-03,6.17687,3.37E+01,5.15E+02,1.690698017,8.19E+01,1.35E+03,1.5917661,5.43E+01,5.19E+02,1.8679373,
61049,12,TOP,61049_12_TOP,2348935016,0.0381,95.010592,4.73E-02,30.5379639,0.074132286,5.96E-02,3.41E-03,1.66E-02,12.0375,5.24E+02,8.02E+03,1.652192491,6.39E+02,1.05E+04,1.5996137,7.71E+01,7.35E+02,1.8038985,
61049,2,BTM,61049_2_BTM,2348935016,0.0381,87.78566,4.73E-02,25.95845032,0.075519718,5.96E-02,2.75E-03,6.53E-03,8.00207,9.37E+02,1.44E+04,1.519680489,2.69E+02,4.42E+03,1.6248944,2.21E+01,2.10E+02,2.0596786,
61049,2,TOP,61049_2_TOP,2348935016,0.0381,99.083647,4.73E-02,40.91021347,0.075423039,5.96E-02,8.40E-03,1.18E-01,27.7513,2.95E+03,4.53E+04,1.666210976,5.61E+03,9.20E+04,1.6860663,7.60E+02,7.24E+03,1.8391437,
61049,3,BTM,61049_3_BTM,2348935016,0.0381,57.079448,4.73E-02,19.49825478,0.072940297,5.96E-02,2.40E-03,2.28E-03,5.21552,2.27E+00,2.40E+01,1.795295422,1.40E+01,1.58E+02,1.616509,9.62E-04,1.33E-02,1.2481083,
61049,3,TOP,61049_3_TOP,,,,,,,,,,,,,,,,,,,,Data_Not_Available
61049,4,BTM,61049_4_BTM,2348935016,0.0381,82.941767,4.73E-02,26.2061214,0.08510384,5.96E-02,6.66E-03,1.48E-02,8.71415,4.51E+01,6.94E+02,1.628776239,5.11E+03,8.34E+04,1.3694377,7.51E+00,7.14E+01,1.8525677,
61049,4,TOP,61049_4_TOP,2348935016,0.0381,93.0964,4.73E-02,24.057703,0.077765465,5.96E-02,4.45E-03,1.15E-02,6.531,1.03E+01,1.57E+02,1.887370855,5.20E+01,8.54E+02,1.8317085,2.20E+01,2.07E+02,1.7827536,
61049,5,BTM,61049_5_BTM,2348935016,0.0381,96.282578,4.73E-02,33.9771881,0.0759321,5.96E-02,4.76E-03,2.98E-02,16.3608,1.31E+03,2.01E+04,1.688497991,1.17E+03,1.92E+04,1.6803506,3.54E+02,3.37E+03,1.8050694,
61049,5,TOP,61049_5_TOP,2348935016,0.0381,97.050537,4.73E-02,35.23505783,0.071956605,5.96E-02,3.73E-03,2.74E-02,18.1016,3.75E+03,5.75E+04,1.622041389,4.78E+03,7.82E+04,1.5843817,7.43E+01,7.07E+02,1.8887576,
61049,6,BTM,61049_6_BTM,2348935016,0.0381,71.341639,4.73E-02,21.1416321,0.069681525,4.76E-02,2.82E-03,3.19E-03,5.31939,2.50E+01,3.83E+02,1.809294067,2.77E+01,4.52E+02,1.7657588,7.08E+01,6.73E+02,1.5821252,
61049,6,TOP,61049_6_TOP,2348935016,0.0381,93.816593,4.73E-02,31.1079216,0.08165253,5.96E-02,7.08E-03,3.74E-02,12.8861,6.45E+02,9.90E+03,1.697100145,6.09E+02,9.98E+03,1.6685211,9.55E+01,9.10E+02,1.7106899,
61049,8,TOP,61049_8_TOP,2348935016,0.0381,97.12152946,4.73E-02,33.02725601,0.07092341,5.96E-02,2.95E-03,2.03E-02,14.8968,1.68E-03,2.58E+04,1.700493787,1.35E-03,2.21E+04,1.6500681,3.64E-04,3.46E+03,1.854951,
61049,9,BTM,61049_9_BTM,2348935016,0.0381,63.356558,4.73E-02,20.2902603,0.063151881,4.73E-02,2.08E-03,2.63E-03,5.72247,7.78E+00,1.20E+02,1.540479961,2.55E+00,4.18E+01,1.7739152,2.97E+01,2.82E+02,1.4213817,
61049,9,TOP,61049_9_TOP,2348935016,0.0381,97.510106,4.73E-02,36.1114807,0.068149358,4.88E-02,3.68E-03,2.90E-02,19.3944,1.36E+03,2.08E+04,1.65012844,1.89E+03,3.10E+04,1.6968284,1.77E+03,1.69E+04,1.83383,
